{
  "job-search": {
    "steps/api.step.ts": {
      "x": 0,
      "y": 108
    },
    "steps/parse-query.step.py": {
      "x": 413,
      "y": 471.841700547301
    },
    "steps/get-job-urls.step.ts": {
      "x": -198,
      "y": 524
    },
    "steps/lookup-apollo-emails.step.ts": {
      "x": -261.2753952124783,
      "y": 804.2986250033423
    },
    "steps/schedule-email.step.ts": {
      "x": 117.42095220499763,
      "y": 848.6587316250196
    },
    "steps/scrape-job-details.step.ts": {
      "x": 70,
      "y": 730
    },
    "steps/approve-email.step.ts": {
      "x": 487.3524687436244,
      "y": 132.1155643954318
    },
    "steps/send-scheduled-emails.step.ts": {
      "x": 578.3616807043102,
      "y": 86.83201120602045
    },
    "steps/schedule-follow-ups.step.ts": {
      "x": 787.2792804480105,
      "y": 373.42310664924344
    },
    "steps/trigger-followups.step.ts": {
      "x": 1062.3755868544602,
      "y": 54.02347417840376
    },
    "steps/generate-variations.step.py": {
      "x": 510.23745904209204,
      "y": 711.8535131226416
    },
    "steps/yc-scrape-job-details.step.ts": {
      "x": 61,
      "y": 608
    }
  }
}