{
  "job-search": {
    "steps/api.step.ts": {
      "x": 0,
      "y": 108
    },
    "steps/parse-query.step.py": {
      "x": 413,
      "y": 471.841700547301
    },
    "steps/get-job-urls.step.ts": {
      "x": -198,
      "y": 524
    },
    "steps/lookup-apollo-emails.step.ts": {
      "x": 68,
      "y": 940
    },
    "steps/schedule-email.step.ts": {
      "x": 81.5,
      "y": 1148
    },
    "steps/scrape-job-details.step.ts": {
      "x": 70,
      "y": 730
    },
    "steps/approve-email.step.ts": {
      "x": 487.3524687436244,
      "y": 132.1155643954318
    },
    "steps/send-scheduled-emails.step.ts": {
      "x": 719.4095201344222,
      "y": 40.775573841085915
    },
    "steps/schedule-follow-ups.step.ts": {
      "x": 787.2792804480105,
      "y": 373.42310664924344
    }
  }
}