{
  "job-search": {
    "steps/api.step.ts": {
      "x": -229.6587740928578,
      "y": -43.41091446944758
    },
    "steps/parse-query.step.py": {
      "x": -448.99899725873576,
      "y": 250.40643804890345
    },
    "steps/get-job-urls.step.ts": {
      "x": 69.70951190416736,
      "y": 261.83612904652597
    },
    "steps/lookup-apollo-emails.step.ts": {
      "x": -96.7590125881849,
      "y": 554.38707538545
    },
    "steps/schedule-email.step.ts": {
      "x": -413.9201477465321,
      "y": 796.4396377749872
    },
    "steps/scrape-job-details.step.ts": {
      "x": -508.58429560547535,
      "y": 716.3667262062952
    },
    "steps/approve-email.step.ts": {
      "x": 487.3524687436244,
      "y": 132.1155643954318
    },
    "steps/send-scheduled-emails.step.ts": {
      "x": 452.8988242780482,
      "y": 29.635709011695127
    },
    "steps/schedule-follow-ups.step.ts": {
      "x": 785.2207367579203,
      "y": 507.11825818910614
    },
    "steps/trigger-followups.step.ts": {
      "x": 1012.4932583573595,
      "y": 22.32678843259096
    },
    "steps/firecrawl-scrape-job-details.step.ts": {
      "x": 303.78281861554717,
      "y": 717.427144340009
    },
    "steps/firecrawl-scrape.step.ts": {
      "x": -408.145981434897,
      "y": 500.0090774579671
    },
    "steps/verify-lead-relevance.step.py": {
      "x": 90.61211124403172,
      "y": 669.6648621115806
    },
    "steps/yc-scrape-job-details.step.ts": {
      "x": -453.5556275320919,
      "y": 539.1333522658344
    },
    "steps/complete-job.step.ts": {
      "x": 3.9696603255117395,
      "y": 802.8075597789601
    }
  }
}